,epoch,loss,val_loss,time,val_time
0,0,19958.56514855587,20092.959339488636,1.5252814292907715,1.350754737854004
1,1,10336.312845865885,6965.236461292614,1.4794678688049316,1.3163139820098877
2,2,4288.6737726384945,4235.901500355114,1.4435224533081055,1.2982892990112305
3,3,3865.3794666637073,4156.029762961648,1.3921518325805664,1.2364647388458252
4,4,3742.6754520300665,4039.453213778409,1.3560445308685303,1.2723066806793213
5,5,3629.7666478012547,4056.9515491832385,1.3656530380249023,1.2389545440673828
6,6,3567.7342825224905,4030.5166348544035,1.3340439796447754,1.2340683937072754
7,7,3504.56679465554,3999.65322043679,1.345635175704956,1.2348275184631348
8,8,3437.7989298502603,4146.063609730114,1.3410181999206543,1.2210512161254883
9,9,3392.9162431196733,4012.856600674716,1.3282139301300049,1.239722728729248
10,10,3344.2592791933002,4125.837224786932,1.3447229862213135,1.2367627620697021
11,11,3295.234064275568,4082.598077947443,1.368163824081421,1.2679922580718994
12,12,3257.13515772964,4117.159778941761,1.3672900199890137,1.2329535484313965
13,13,3233.114191228693,4133.594016335227,1.3276329040527344,1.2553203105926514
14,14,3195.1771832090435,4167.61698774858,1.3498399257659912,1.2288885116577148
15,15,3182.2766723632812,4127.743008700284,1.3340857028961182,1.2465555667877197
16,16,3167.644246419271,4140.129838423295,1.3469665050506592,1.2331252098083496
17,17,3141.3387747099905,4166.619384765625,1.341658115386963,1.2598109245300293
18,18,3142.0440285422587,4218.460693359375,1.3364214897155762,1.2275221347808838
19,19,3119.602772105824,4221.196266867898,1.3697926998138428,1.2357935905456543
20,20,3100.9361738725142,4164.320046164773,1.331679105758667,1.2470791339874268
21,21,3085.5911069927793,4165.992942116477,1.3571321964263916,1.2584211826324463
22,22,3074.1646820993133,4255.477294921875,1.3471488952636719,1.2350587844848633
23,23,3057.7024499141808,4365.650390625,1.5988476276397705,1.2837233543395996
24,24,3034.744621508049,4384.101229580966,1.3585591316223145,1.291924238204956
25,25,3025.956036191998,4593.613702947443,1.4602789878845215,1.244030475616455
26,26,3007.4106408321495,4702.057839133523,1.3571341037750244,1.2561469078063965
27,27,2984.9585700757575,4666.268199573864,1.3653051853179932,1.2895550727844238
28,28,2969.6565107865767,5016.792547052557,1.4158456325531006,1.3046681880950928
29,29,2958.666999585701,5334.938077059659,1.5059292316436768,1.2370095252990723
30,30,2939.7200039950285,5238.57763671875,1.3273594379425049,1.2569892406463623
31,31,2929.427127722538,5530.979736328125,1.4935193061828613,1.3175106048583984
32,32,2914.0188783587832,5966.734641335227,1.34134840965271,1.3167319297790527
33,33,2900.5642108339252,5716.511785333807,1.3318023681640625,1.3107168674468994
34,34,2884.3096331972065,5886.608265269886,1.3741343021392822,1.3011903762817383
35,35,2873.0207075639205,6657.773681640625,1.423274040222168,1.2942583560943604
36,36,2868.824570164536,6178.544034090909,1.430537462234497,1.2947933673858643
37,37,2856.825313683712,6209.334428267045,1.3988876342773438,1.247814655303955
38,38,2844.610333066998,6665.550026633523,1.4064624309539795,1.2406005859375
39,39,2828.826767430161,6565.706764914773,1.3195686340332031,1.2318744659423828
40,40,2833.271924567945,6288.695245916193,1.463416337966919,1.2396771907806396
41,41,2822.5756632486978,6233.36494584517,1.3369848728179932,1.2500662803649902
42,42,2821.14511940696,6938.51737837358,1.3802354335784912,1.3090386390686035
43,43,2796.982629024621,7026.512295809659,1.4133875370025635,1.2469263076782227
44,44,2787.116592869614,6310.818536931818,1.3575811386108398,1.2291171550750732
45,45,2787.8939597389913,7149.892267400568,1.3433122634887695,1.258535385131836
46,46,2769.3028860381155,6510.767977627841,1.3641481399536133,1.306260108947754
47,47,2773.22939601089,6540.836647727273,1.3389804363250732,1.2790932655334473
48,48,2757.8339399857955,6547.139737215909,1.4202938079833984,1.3119328022003174
49,49,2757.5865718957148,6352.774946732955,1.4515299797058105,1.2654457092285156
50,50,2749.3918309067235,6647.127885298295,1.3368120193481445,1.2300629615783691
51,51,2739.254782012015,6339.428977272727,1.4125030040740967,1.3252019882202148
52,52,2738.1751838452888,6757.396839488636,1.4162793159484863,1.260441541671753
53,53,2722.9010620117188,6691.395552201705,1.3701395988464355,1.2940804958343506
54,54,2720.309463038589,6639.003551136364,1.419879674911499,1.3013880252838135
55,55,2720.788301410097,6634.365944602273,1.4752202033996582,1.3007946014404297
56,56,2709.939441102924,6659.399680397727,1.609004259109497,1.2720012664794922
57,57,2711.08749852036,6667.598188920455,1.3524701595306396,1.2491705417633057
58,58,2701.925984700521,,1.3715388774871826,
